countrycode,country,currency_unit,year,labsh,avh,cn,ctfp,rtfpna,csh_c,csh_i,csh_g,cgdpo,delta,cont_pension_perc_gdp,consump_tax_rev_per_gdp,income_tax_rev_per_gdp,consump_tax_rev_per_total_tax,income_tax_rev_per_total_tax,kappa,public_expenditure_pensions_perc_gdp,pop_growth_rate,fertility_rate,vat_tax,tax_w_ocde_min,tax_w_ocde_max,tax_w_ocde_medio
CHL,Chile,Chilean Peso,2023,0.440223604440689,1949.71,2013679.0,0.867329478263855,0.928955614566803,0.589375495910645,0.229372635483742,0.213436424732208,513149.59375,0.0428671650588512,0.04697,0.08500999999999999,0.10937,0.43149,0.5551200000000001,0.366,0.027999999999999997,0.0102,0.0154,0.19,0.0,0.4,0.07
CRI,Costa Rica,Costa Rican Colon,2023,0.530688881874085,2176.92,430450.40625,0.763381540775299,1.03082025051117,0.60026752948761,0.16955029964447,0.200651913881302,127788.390625,0.0497367046773434,0.02625,,,,,0.732,0.051,0.0051,0.015300000000000001,0.13,0.0,0.246,0.105
MEX,Mexico,Mexican Peso,2023,0.380911499261856,1628.87,10838618.0,0.663546800613403,1.0007426738739,0.72685444355011,0.207117691636086,0.171521723270416,2595842.5,0.038299985229969,0.00982,0.0726,0.06187,0.53166,0.45311,0.643,0.031,0.005,0.0182,0.16,0.0192,0.35,0.102
